iteration,reward_mean,length_mean,games,loss
500,-1.0,2.0,10,0.11968614827492274
1000,-1.0,2.0,8,0.12909596756799147
1500,-1.0,2.0,8,0.12619225622620434
2000,-1.0,2.0,9,0.12354596273507923
2500,-1.0,2.0,8,0.12700972857419401
3000,-1.0,2.0,8,0.123909290850861
3500,-1.0,2.0,8,0.13462687897845171
4000,-1.0,2.0,10,0.1304580865544267
