iteration,reward_mean,length_mean,games,loss
500,-1.0,2.0,8,0.252189573016949
1000,-1.0,2.0,9,0.24427845265017822
1500,-0.89,2.11,9,0.24935645482037216
2000,-0.9,2.1,10,0.255231415561866
2500,-1.0,2.0,11,0.25537556648487225
